0.0000000,,0.0005000,,0.0010000,,0.0020000,,0.0050000,,0.0100000,,0.0200000,,0.0400000,
X,Y,X,Y,X,Y,X,Y,X,Y,X,Y,X,Y,X,Y
0.0040137,1.7974413,0.0040129,2.4925662,0.0041355,2.9959850,0.0058681,2.6917312,0.0106320,2.1193992,0.0174193,1.7166379,0.0303553,1.3722075,0.0505664,1.1571401
0.0043116,1.7639401,0.0041234,2.4429679,0.0041947,2.9524170,0.0059301,2.6622392,0.0108107,2.0892381,0.0177777,1.6884886,0.0310564,1.3494213,0.0518622,1.1377060
0.0044991,1.7451799,0.0042396,2.3947105,0.0042652,2.9048275,0.0060446,2.6153206,0.0110741,2.0476831,0.0183236,1.6502865,0.0321089,1.3152418,0.0541850,1.1102319
0.0046948,1.7270900,0.0043563,2.3451122,0.0043396,2.8558975,0.0061539,2.5697424,0.0113509,2.0034469,0.0188862,1.6127547,0.0333201,1.2830740,0.0563678,1.0887898
0.0048839,1.7096699,0.0044735,2.2995358,0.0044180,2.8083083,0.0062883,2.5221539,0.0116563,1.9585408,0.0195142,1.5732124,0.0345344,1.2515763,0.0588197,1.0666780
0.0051279,1.6889000,0.0045825,2.2579808,0.0045006,2.7613896,0.0064177,2.4752356,0.0119624,1.9163159,0.0201258,1.5356808,0.0359036,1.2214198,0.0614540,1.0479181
0.0053974,1.6681306,0.0047058,2.2117340,0.0045819,2.7151410,0.0065498,2.4289875,0.0122690,1.8747611,0.0207951,1.4988198,0.0373730,1.1912637,0.0641667,1.0291581
0.0056950,1.6460212,0.0048533,2.1567740,0.0046704,2.6675521,0.0067011,2.3834103,0.0126146,1.8311959,0.0214998,1.4619590,0.0388786,1.1657996,0.0670405,1.0097278
0.0059611,1.6279320,0.0050085,2.1065063,0.0047695,2.6206338,0.0068433,2.3398437,0.0129699,1.7909823,0.0222421,1.4250983,0.0404948,1.1416765,0.0701294,0.9929791
0.0062551,1.6085026,0.0051655,2.0542275,0.0048617,2.5730449,0.0070057,2.2942666,0.0133434,1.7480876,0.0229959,1.3902484,0.0422563,1.1188943,0.0734059,0.9775712
0.0066123,1.5863935,0.0053571,1.9985983,0.0049434,2.5402025,0.0071676,2.2500301,0.0137193,1.7078740,0.0238193,1.3560693,0.0440399,1.1001339,0.0767407,0.9648443
0.0069942,1.5656252,0.0058514,1.8705850,0.0050203,2.5060193,0.0073558,2.2051238,0.0141318,1.6676608,0.0247331,1.3239016,0.0450014,1.0914242,0.0803260,0.9534583
0.0073663,1.5448560,0.0055833,1.9315746,0.0051110,2.4664740,0.0075351,2.1608875,0.0145837,1.6287886,0.0256661,1.2930745,0.0465837,1.0753437,0.0845990,0.9460956
0.0077869,1.5240875,0.0060909,1.8196488,0.0052355,2.4188860,0.0077378,2.1193330,0.0150687,1.5912573,0.0264377,1.2736413,0.0490923,1.0512230,0.0846513,0.9440847
0.0081659,1.5059987,0.0062663,1.7827870,0.0053598,2.3712980,0.0079508,2.0764380,0.0155889,1.5577482,0.0272326,1.2508565,0.0508184,1.0364830,0.0892094,0.9400737
0.0085474,1.4885798,0.0064747,1.7459260,0.0054735,2.3304127,0.0081495,2.0429270,0.0159490,1.5369730,0.0282075,1.2267322,0.0528981,1.0197333,0.0939549,0.9374032
0.0089522,1.4725017,0.0067024,1.7110764,0.0055965,2.2868463,0.0083378,2.0074046,0.0164286,1.5048036,0.0291813,1.2052889,0.0546904,1.0070041,0.0973781,0.9360700
0.0093532,1.4570934,0.0069082,1.6809182,0.0057293,2.2432802,0.0085199,1.9685304,0.0169225,1.4746453,0.0303195,1.1831762,0.0564737,0.9976263,0.0996267,0.9347341
0.0097359,1.4436953,0.0071423,1.6500903,0.0058726,2.1997143,0.0087383,1.9269756,0.0174313,1.4471682,0.0314825,1.1637447,0.0587848,0.9869095,0.1,0.93694517
0.0102286,1.4249365,0.0074254,1.6185932,0.0059934,2.1648618,0.0089678,1.8840804,0.0179222,1.4196907,0.0324490,1.1483336,0.0588574,0.9862394,0.103472362,0.933806205
0.0106999,1.4101988,0.0076204,1.5984889,0.0061699,2.1152639,0.0092204,1.8405152,0.0184839,1.3935546,0.0339232,1.1275628,0.0634590,0.9762002,0.107303907,0.931450151
0.0112344,1.3921102,0.0078544,1.5763745,0.0063241,2.0743794,0.0094101,1.8090142,0.0190631,1.3674184,0.0352027,1.1114828,0.0673315,0.9681687,0.111939884,0.929093087
0.0117738,1.3773729,0.0080855,1.5556006,0.0064902,2.0348357,0.0096692,1.7714818,0.0196727,1.3419527,0.0364854,1.0974134,0.0717052,0.9608082,0.115998869,0.926737159
0.0123011,1.3626349,0.0083492,1.5361679,0.0066524,1.9973028,0.0099354,1.7346197,0.0204021,1.3151474,0.0379083,1.0826743,0.0762218,0.9541177,0.12002677,0.925948063
0.0127966,1.3478960,0.0086002,1.5187456,0.0072798,1.8713008,0.0102405,1.6964176,0.0212110,1.2863316,0.0400979,1.0632466,0.0807235,0.9487671,0.124841323,0.923983149
0.0133532,1.3338281,0.0088315,1.5033337,0.0068949,1.9396624,0.0104835,1.6669283,0.0221473,1.2595276,0.0418936,1.0491790,0.0846513,0.9440847,0.129849,0.922801525
0.0140636,1.3177512,0.0090914,1.4872520,0.0074987,1.8297470,0.0106860,1.6461522,0.0230822,1.2347343,0.0444228,1.0310925,0.0892094,0.9400737,0.135258134,0.922011294
0.0149219,1.2996648,0.0093762,1.4725113,0.0077816,1.7841727,0.0109059,1.6226952,0.0240121,1.2132922,0.0460414,1.0243967,0.0939549,0.9374032,0.140162647,0.920830301
0.0158325,1.2822487,0.0096820,1.4584412,0.0087390,1.6534839,0.0125073,1.4940217,0.0250411,1.1911803,0.0486705,1.0156940,0.0973781,0.9360700,0.146001418,0.920431714
0.0167883,1.2655029,0.0099854,1.4437006,0.0082210,1.7131299,0.0115930,1.5563459,0.0261465,1.1710796,0.0516406,1.0056515,0.0996267,0.9347341,0.150288433,0.920035147
0.0177142,1.2494263,0.0103556,1.4289610,0.0089906,1.6246659,0.0129551,1.4638645,0.0271662,1.1549998,0.0545558,0.9976191,0.1,0.93694517,0.159480305,0.920025049
0.0188766,1.2313408,0.0109200,1.4041701,0.0092609,1.5965185,0.0135187,1.4303572,0.0284179,1.1375808,0.0588574,0.9862394,0.103472362,0.933806205,0.165140536,0.919627472
0.0200533,1.2152656,0.0112344,1.3921102,0.0095571,1.5670309,0.0140806,1.4015418,0.0298743,1.1208331,0.0634590,0.9762002,0.107303907,0.931450151,0.169611528,0.920406219
0.0211462,1.2005296,0.0117738,1.3773729,0.0098809,1.5382139,0.0146750,1.3740672,0.0321109,1.0980572,0.0673315,0.9681687,0.111939884,0.929093087,0.175110796,0.920400791
0.0222574,1.1871338,0.0123011,1.3626349,0.0102095,1.5107375,0.0153607,1.3459231,0.0346428,1.0806446,0.0717052,0.9608082,0.115998869,0.926737159,0.180252545,0.921179159
0.0238794,1.1683794,0.0127966,1.3478960,0.0105489,1.4846017,0.0161580,1.3177801,0.0372362,1.0659125,0.0762218,0.9541177,0.12002677,0.925948063,0.185820842,0.922348919
0.0251032,1.1556537,0.0133532,1.3338281,0.0109064,1.4604770,0.0168400,1.2963383,0.0401723,1.0505109,0.0807235,0.9487671,0.124841323,0.923983149,0.190286083,0.92312817
0.0265859,1.1415888,0.0140636,1.3177512,0.0113598,1.4316616,0.0176268,1.2742272,0.0430467,1.0371188,0.0846513,0.9440847,0.129849,0.922801525,0.195728126,0.924298308
0.0284179,1.1261853,0.0149219,1.2996648,0.0118393,1.4061979,0.0183596,1.2568073,0.0460414,1.0243967,0.0892094,0.9400737,0.135258134,0.922011294,0.200282761,0.925077685
0.0299113,1.1141301,0.0158325,1.2822487,0.0123543,1.3814049,0.0189232,1.2440774,0.0486705,1.0156940,0.0939549,0.9374032,0.140162647,0.920830301,0.207391142,0.927029978
0.0317758,1.1000659,0.0167883,1.2655029,0.0128282,1.3626437,0.0199299,1.2246489,0.0516406,1.0056515,0.0973781,0.9360700,0.146001418,0.920431714,0.214592513,0.928590751
0.0346428,1.0806446,0.0177142,1.2494263,0.0133038,1.3445525,0.0213033,1.2005311,0.0545558,0.9976191,0.0996267,0.9347341,0.150288433,0.920035147,0.220893557,0.930544054
0.0372362,1.0659125,0.0188766,1.2313408,0.0140289,1.3211023,0.0222574,1.1871338,0.0588574,0.9862394,0.1,0.93694517,0.159480305,0.920025049,0.22873345,0.932496346
0.0401723,1.0505109,0.0200533,1.2152656,0.0140636,1.3177512,0.0238794,1.1683794,0.0634590,0.9762002,0.103472362,0.933806205,0.165140536,0.919627472,0.238261825,0.934839274
0.0430467,1.0371188,0.0211462,1.2005296,0.0149219,1.2996648,0.0251032,1.1556537,0.0673315,0.9681687,0.107303907,0.931450151,0.169611528,0.920406219,0.249109672,0.93796486
0.0460414,1.0243967,0.0222574,1.1871338,0.0158325,1.2822487,0.0265859,1.1415888,0.0717052,0.9608082,0.111939884,0.929093087,0.175110796,0.920400791,0.25929438,0.940699559
0.0486705,1.0156940,0.0238794,1.1683794,0.0167883,1.2655029,0.0284179,1.1261853,0.0762218,0.9541177,0.115998869,0.926737159,0.180252545,0.921179159,0.270496982,0.943825524
0.0516406,1.0056515,0.0251032,1.1556537,0.0177142,1.2494263,0.0299113,1.1141301,0.0807235,0.9487671,0.12002677,0.925948063,0.185820842,0.922348919,0.284285318,0.947733517
0.0545558,0.9976191,0.0265859,1.1415888,0.0188766,1.2313408,0.0317758,1.1000659,0.0846513,0.9440847,0.124841323,0.923983149,0.190286083,0.92312817,0.298998292,0.951641383
0.0588574,0.9862394,0.0284179,1.1261853,0.0200533,1.2152656,0.0346428,1.0806446,0.0892094,0.9400737,0.129849,0.922801525,0.195728126,0.924298308,0.316110459,0.956331656
0.0634590,0.9762002,0.0299113,1.1141301,0.0211462,1.2005296,0.0372362,1.0659125,0.0939549,0.9374032,0.135258134,0.922011294,0.200282761,0.925077685,0.332964306,0.96023927
0.0673315,0.9681687,0.0317758,1.1000659,0.0222574,1.1871338,0.0401723,1.0505109,0.0973781,0.9360700,0.140162647,0.920830301,0.207391142,0.927029978,0.349677283,0.964147389
0.0717052,0.9608082,0.0346428,1.0806446,0.0238794,1.1683794,0.0430467,1.0371188,0.0996267,0.9347341,0.146001418,0.920431714,0.214592513,0.928590751,0.367229159,0.968055508
0.0762218,0.9541177,0.0372362,1.0659125,0.0251032,1.1556537,0.0460414,1.0243967,0.1,0.93694517,0.150288433,0.920035147,0.220893557,0.930544054,0.386521541,0.972354893
0.0807235,0.9487671,0.0401723,1.0505109,0.0265859,1.1415888,0.0486705,1.0156940,0.103472362,0.933806205,0.159480305,0.920025049,0.22873345,0.932496346,0.408339687,0.976262002
0.0846513,0.9440847,0.0430467,1.0371188,0.0284179,1.1261853,0.0516406,1.0056515,0.107303907,0.931450151,0.165140536,0.919627472,0.238261825,0.934839274,0.430110858,0.980561261
0.0892094,0.9400737,0.0460414,1.0243967,0.0299113,1.1141301,0.0545558,0.9976191,0.111939884,0.929093087,0.169611528,0.920406219,0.249109672,0.93796486,0.452035366,0.983685964
0.0939549,0.9374032,0.0486705,1.0156940,0.0317758,1.1000659,0.0588574,0.9862394,0.115998869,0.926737159,0.175110796,0.920400791,0.25929438,0.940699559,0.477551598,0.987984718
0.0973781,0.9360700,0.0516406,1.0056515,0.0346428,1.0806446,0.0634590,0.9762002,0.12002677,0.925948063,0.180252545,0.921179159,0.270496982,0.943825524,0.506383488,0.991499551
0.0996267,0.9347341,0.0545558,0.9976191,0.0372362,1.0659125,0.0673315,0.9681687,0.124841323,0.923983149,0.185820842,0.922348919,0.284285318,0.947733517,0.539752485,0.995405146
0.1,0.93694517,0.0588574,0.9862394,0.0401723,1.0505109,0.0717052,0.9608082,0.129849,0.922801525,0.190286083,0.92312817,0.298998292,0.951641383,0.572764579,0.998528208
0.103472362,0.933806205,0.0634590,0.9762002,0.0430467,1.0371188,0.0762218,0.9541177,0.135258134,0.922011294,0.195728126,0.924298308,0.316110459,0.956331656,0.602854764,1
0.107303907,0.931450151,0.0673315,0.9681687,0.0460414,1.0243967,0.0807235,0.9487671,0.140162647,0.920830301,0.200282761,0.925077685,0.332964306,0.96023927,1,1
0.111939884,0.929093087,0.0717052,0.9608082,0.0486705,1.0156940,0.0846513,0.9440847,0.146001418,0.920431714,0.207391142,0.927029978,0.349677283,0.964147389,,
0.115998869,0.926737159,0.0762218,0.9541177,0.0516406,1.0056515,0.0892094,0.9400737,0.150288433,0.920035147,0.214592513,0.928590751,0.367229159,0.968055508,,
0.12002677,0.925948063,0.0807235,0.9487671,0.0545558,0.9976191,0.0939549,0.9374032,0.159480305,0.920025049,0.220893557,0.930544054,0.386521541,0.972354893,,
0.124841323,0.923983149,0.0846513,0.9440847,0.0588574,0.9862394,0.0973781,0.9360700,0.165140536,0.919627472,0.22873345,0.932496346,0.408339687,0.976262002,,
0.129849,0.922801525,0.0892094,0.9400737,0.0634590,0.9762002,0.0996267,0.9347341,0.169611528,0.920406219,0.238261825,0.934839274,0.430110858,0.980561261,,
0.135258134,0.922011294,0.0939549,0.9374032,0.0673315,0.9681687,0.1,0.93694517,0.175110796,0.920400791,0.249109672,0.93796486,0.452035366,0.983685964,,
0.140162647,0.920830301,0.0973781,0.9360700,0.0717052,0.9608082,0.103472362,0.933806205,0.180252545,0.921179159,0.25929438,0.940699559,0.477551598,0.987984718,,
0.146001418,0.920431714,0.0996267,0.9347341,0.0762218,0.9541177,0.107303907,0.931450151,0.185820842,0.922348919,0.270496982,0.943825524,0.506383488,0.991499551,,
0.150288433,0.920035147,0.1,0.93694517,0.0807235,0.9487671,0.111939884,0.929093087,0.190286083,0.92312817,0.284285318,0.947733517,0.539752485,0.995405146,,
0.159480305,0.920025049,0.103472362,0.933806205,0.0846513,0.9440847,0.115998869,0.926737159,0.195728126,0.924298308,0.298998292,0.951641383,0.572764579,0.998528208,,
0.165140536,0.919627472,0.107303907,0.931450151,0.0892094,0.9400737,0.12002677,0.925948063,0.200282761,0.925077685,0.316110459,0.956331656,0.602854764,1,,
0.169611528,0.920406219,0.111939884,0.929093087,0.0939549,0.9374032,0.124841323,0.923983149,0.207391142,0.927029978,0.332964306,0.96023927,1,1,,
0.175110796,0.920400791,0.115998869,0.926737159,0.0973781,0.9360700,0.129849,0.922801525,0.214592513,0.928590751,0.349677283,0.964147389,,,,
0.180252545,0.921179159,0.12002677,0.925948063,0.0996267,0.9347341,0.135258134,0.922011294,0.220893557,0.930544054,0.367229159,0.968055508,,,,
0.185820842,0.922348919,0.124841323,0.923983149,0.1,0.93694517,0.140162647,0.920830301,0.22873345,0.932496346,0.386521541,0.972354893,,,,
0.190286083,0.92312817,0.129849,0.922801525,0.103472362,0.933806205,0.146001418,0.920431714,0.238261825,0.934839274,0.408339687,0.976262002,,,,
0.195728126,0.924298308,0.135258134,0.922011294,0.107303907,0.931450151,0.150288433,0.920035147,0.249109672,0.93796486,0.430110858,0.980561261,,,,
0.200282761,0.925077685,0.140162647,0.920830301,0.111939884,0.929093087,0.159480305,0.920025049,0.25929438,0.940699559,0.452035366,0.983685964,,,,
0.207391142,0.927029978,0.146001418,0.920431714,0.115998869,0.926737159,0.165140536,0.919627472,0.270496982,0.943825524,0.477551598,0.987984718,,,,
0.214592513,0.928590751,0.150288433,0.920035147,0.12002677,0.925948063,0.169611528,0.920406219,0.284285318,0.947733517,0.506383488,0.991499551,,,,
0.220893557,0.930544054,0.159480305,0.920025049,0.124841323,0.923983149,0.175110796,0.920400791,0.298998292,0.951641383,0.539752485,0.995405146,,,,
0.22873345,0.932496346,0.165140536,0.919627472,0.129849,0.922801525,0.180252545,0.921179159,0.316110459,0.956331656,0.572764579,0.998528208,,,,
0.238261825,0.934839274,0.169611528,0.920406219,0.135258134,0.922011294,0.185820842,0.922348919,0.332964306,0.96023927,0.602854764,1,,,,
0.249109672,0.93796486,0.175110796,0.920400791,0.140162647,0.920830301,0.190286083,0.92312817,0.349677283,0.964147389,1,1,,,,
0.25929438,0.940699559,0.180252545,0.921179159,0.146001418,0.920431714,0.195728126,0.924298308,0.367229159,0.968055508,,,,,,
0.270496982,0.943825524,0.185820842,0.922348919,0.150288433,0.920035147,0.200282761,0.925077685,0.386521541,0.972354893,,,,,,
0.284285318,0.947733517,0.190286083,0.92312817,0.159480305,0.920025049,0.207391142,0.927029978,0.408339687,0.976262002,,,,,,
0.298998292,0.951641383,0.195728126,0.924298308,0.165140536,0.919627472,0.214592513,0.928590751,0.430110858,0.980561261,,,,,,
0.316110459,0.956331656,0.200282761,0.925077685,0.169611528,0.920406219,0.220893557,0.930544054,0.452035366,0.983685964,,,,,,
0.332964306,0.96023927,0.207391142,0.927029978,0.175110796,0.920400791,0.22873345,0.932496346,0.477551598,0.987984718,,,,,,
0.349677283,0.964147389,0.214592513,0.928590751,0.180252545,0.921179159,0.238261825,0.934839274,0.506383488,0.991499551,,,,,,
0.367229159,0.968055508,0.220893557,0.930544054,0.185820842,0.922348919,0.249109672,0.93796486,0.539752485,0.995405146,,,,,,
0.386521541,0.972354893,0.22873345,0.932496346,0.190286083,0.92312817,0.25929438,0.940699559,0.572764579,0.998528208,,,,,,
0.408339687,0.976262002,0.238261825,0.934839274,0.195728126,0.924298308,0.270496982,0.943825524,0.602854764,1,,,,,,
0.430110858,0.980561261,0.249109672,0.93796486,0.200282761,0.925077685,0.284285318,0.947733517,1,1,,,,,,
0.452035366,0.983685964,0.25929438,0.940699559,0.207391142,0.927029978,0.298998292,0.951641383,,,,,,,,
0.477551598,0.987984718,0.270496982,0.943825524,0.214592513,0.928590751,0.316110459,0.956331656,,,,,,,,
0.506383488,0.991499551,0.284285318,0.947733517,0.220893557,0.930544054,0.332964306,0.96023927,,,,,,,,
0.539752485,0.995405146,0.298998292,0.951641383,0.22873345,0.932496346,0.349677283,0.964147389,,,,,,,,
0.572764579,0.998528208,0.316110459,0.956331656,0.238261825,0.934839274,0.367229159,0.968055508,,,,,,,,
0.602854764,1,0.332964306,0.96023927,0.249109672,0.93796486,0.386521541,0.972354893,,,,,,,,
1,1,0.349677283,0.964147389,0.25929438,0.940699559,0.408339687,0.976262002,,,,,,,,
,,0.367229159,0.968055508,0.270496982,0.943825524,0.430110858,0.980561261,,,,,,,,
,,0.386521541,0.972354893,0.284285318,0.947733517,0.452035366,0.983685964,,,,,,,,
,,0.408339687,0.976262002,0.298998292,0.951641383,0.477551598,0.987984718,,,,,,,,
,,0.430110858,0.980561261,0.316110459,0.956331656,0.506383488,0.991499551,,,,,,,,
,,0.452035366,0.983685964,0.332964306,0.96023927,0.539752485,0.995405146,,,,,,,,
,,0.477551598,0.987984718,0.349677283,0.964147389,0.572764579,0.998528208,,,,,,,,
,,0.506383488,0.991499551,0.367229159,0.968055508,0.602854764,1,,,,,,,,
,,0.539752485,0.995405146,0.386521541,0.972354893,1,1,,,,,,,,
,,0.572764579,0.998528208,0.408339687,0.976262002,,,,,,,,,,
,,0.602854764,1,0.430110858,0.980561261,,,,,,,,,,
,,1,1,0.452035366,0.983685964,,,,,,,,,,
,,,,0.477551598,0.987984718,,,,,,,,,,
,,,,0.506383488,0.991499551,,,,,,,,,,
,,,,0.539752485,0.995405146,,,,,,,,,,
,,,,0.572764579,0.998528208,,,,,,,,,,
,,,,0.602854764,1,,,,,,,,,,
,,,,1,1,,,,,,,,,,
